{"cameraMode":{"drawMode":0,"name":"Shaded","section":"Shading Mode"},"sceneLighting":false,"audioPlay":false,"sceneViewState":{"showFog":true,"showMaterialUpdate":false,"showSkybox":false,"showFlares":true,"showImageEffects":true,"showParticleSystems":true},"in2DMode":false,"pivot":{"x":-3.2100000381469728,"y":0.6600000262260437,"z":-5.864999771118164},"rotation":{"x":-0.08532705903053284,"y":0.7641089558601379,"z":-0.6310437321662903,"w":-0.10329651832580567},"size":2.3392786979675295,"orthographic":false}