{"cameraMode":{"drawMode":0,"name":"Shaded","section":"Shading Mode"},"sceneLighting":true,"audioPlay":false,"sceneViewState":{"showFog":true,"showMaterialUpdate":false,"showSkybox":true,"showFlares":true,"showImageEffects":true,"showParticleSystems":true},"in2DMode":false,"pivot":{"x":19.520469665527345,"y":2.014444351196289,"z":5.183462142944336},"rotation":{"x":0.2894282042980194,"y":-0.04735676571726799,"z":0.014338652603328228,"w":0.9559211730957031},"size":22.0,"orthographic":false}