{"cameraMode":{"drawMode":0,"name":"Shaded","section":"Shading Mode"},"sceneLighting":true,"audioPlay":false,"sceneViewState":{"showFog":true,"showMaterialUpdate":false,"showSkybox":true,"showFlares":true,"showImageEffects":true,"showParticleSystems":true},"in2DMode":false,"pivot":{"x":0.6054068803787231,"y":4.228387832641602,"z":20.171810150146486},"rotation":{"x":0.011007302440702916,"y":-0.9828961491584778,"z":0.17308330535888673,"w":0.0622846893966198},"size":22.0,"orthographic":false}